user_id,username
U1,ShivahariPaudel
U2,AyushmanJoshi
U3,DeepikaPrasai
U4,RabindraSinghBaniya
U5,PradeepKhadka
U6,JeetuNepal
U7,SushmaKarki
U8,PrakashGhimire
U9,DeepakRajGiri
U10,KesabRai
U11,SurakshyaPanta
U12,KekiAdhikari
U13,KameshworChaurasiya
U14,ThinleyLhamo
U15,Karma
U16,PriyankaKarki
U17,MaotseGurung
U18,DayahangRai
U19,YashKumar
U20,BarshaRaut
U21,SumiMalla
U22,GhanashyamJoshi
U23,RashmiBhatta
U24,AakashShrestha
U25,AanchalSharma
U26,SrijanaSubba
U27,ArpanThapa
U28,ManjuChhetri
U29,KabitaGurungThapa
U30,VijayLama
U31,ParamitaRana
U32,DeeyaPun
U33,PrabinKhatioda
U34,JassitaGurung
U35,DeepakChhetri
U36,AnmolK.C.
U37,AshishPrasai
U38,VinayShrestha
U39,IndiraJoshi
U40,BikramJoshi
U41,BasundharaBhusal
U42,SaugatMalla
U43,PushpaKhadka
U44,SandipChhetri
U45,SunnyDhakal
U46,EliasJungThapa
U47,AshishmaNakarmi
U48,KamalDevkota
U49,BabuBogati
U50,ReemaBishwokarma
U51,AnmoulLimboo
U52,AditiBudhathoki
U53,NischalBasnet
U54,JibanBhattarai
U55,NamrataShrestha
U56,KiranK.C.
U57,SunitaShrestha
U58,JayanandaLama
U59,PushkarGurung
U60,ShristiShrestha
U61,LaxmiBardewa
U62,Sunnyleone
U63,IshikaGurung
U64,MirunaMagar
U65,PoojaSharma
U66,UpasanaSinghThakuri
U67,AnoopBikramShahi
U68,MadanKrishnaShrestha
U69,KiranKC
U70,AbhayBaral
U71,SamragyeeRajyaLaxmiShah
U72,AashirmanD.S.Joshi
U73,PrekshyaAdhikari
U74,BipinKarki
U75,PrakatPageni
U76,DhirenShakya
U77,UpashanaSinghThakuri
U78,DhirajMagar
U79,KedarGhimire
U80,SarukTamrakar
U81,HariBanshaAcharya
U82,KhagendraLamichhane
U83,BenishaHamal
U84,RupaRana
U85,SushilSitaula
U86,SunilThapa
U87,RabindraJha
U88,MukundaBhusal
U89,ShishirBangdel
U90,AshaMagrati
U91,DeepaShreeNiraula
U92,DikshyaKarki
U93,PramodAgrahari
U94,RishmaGurung
U95,RamBhajanKamat
U96,AnupBaral
U97,PriyankaMv
U98,NeetaDhungana
U99,SumiMoktan
U100,SadhanaBhandari
U101,AmberSubedi
U102,BibekLimbu
U103,SrijanaRegmi
U104,SaranRai
U105,ShilpaMaskey
U106,PaulShah
U107,BarshaSiwakoti
U108,SamratMagar
U109,LaurenLofberg
U110,ReechaSharma
U111,MenukaPradhan
U112,JanakBartaula
U113,KamalManiNepal
U114,SalonBasnet
U115,ShristiKarki
U116,SarojKhanal
U117,RaymonDasShrestha
U118,BuddhiTamang
U119,SebastianSeitz
U120,WilsonBikramRai
U121,SuhanaThapa
U122,SwastimaKhadka
U123,SalinManBania
U124,BidhyaKarki
U125,AnupamSharma
U126,Jharana Thapa
U127,Deepa Shree Niraula
U128,Ram Babu Gurung
U129,Renasha Bantawa Rai
U130,Samrat Basnet
U131,Pradeep Bhattarai
U132,Naresh Kumar KC
U133,Diwakar Bhattarai
U134,Dipendra K. Khanal
U135,Paakhi A. Tyrewala
U136,Binod Paudel
U137,Deepak Rauniyar
U138,Dekel Berenson
U139,Dinesh Raut
U140,Chhetan Gurung
U141,Raj Rajbanshi
U142,Sudan K.C
U143,Ashok Sharma
U144,Sudarshan Thapa
U145,Simosh Sunuwar
U146,Dipendra Lama
U147,Subarna Thapa
U148,Ashutosh Raj Shreatha
U149,Arpan Thapa
U150,Bishal Sapkota
U151,Hem Raj B.C.
U152,Sangita Shrestha
U153,Bikash Raj Acharya
U154,Prabesh Paudel
U155,Mukunda Bhatta
U156,Ganesh Dev Pandey
U157,Nirak Poudel
U158,Amit Shrestha
U159,Deepa Shree Niroula
U160,Shivam Adhikari
U161,Surendra Poudel
U162,Milan Chams
U163,Pratik Gurung
